Provincia;Ano;%mujeres
01;1998;50.332929250338196
01;1999;50.34085977854613
01;2000;50.34188839673713
01;2001;50.283074728265575
01;2002;50.232645789076955
01;2003;50.179711917380075
01;2004;50.16136935840895
01;2005;50.118516987434866
01;2006;50.22058385167226
01;2007;50.22572587483099
01;2008;50.14258723981462
01;2009;50.15661894276637
01;2010;50.11154806019814
01;2011;50.179339466899734
01;2012;50.19515930517707
01;2013;50.33803439146032
01;2014;50.42959382726787
01;2015;50.47273581174609
01;2016;50.56243559603364
01;2017;50.59190260094189
01;2018;50.68690173565078
01;2019;50.68632389179276
01;2020;50.732466910223394
01;2021;50.76762602435062
01;2023;50.783763740535626
02;1998;50.34593150528309
02;1999;50.36022835236731
02;2000;50.3635107346468
02;2001;50.22203586879872
02;2002;50.11713696283087
02;2003;50.03691350024964
02;2004;49.99499272627607
02;2005;49.92096505823627
02;2006;49.86611910498429
02;2007;49.817143148606256
02;2008;49.72993235100995
02;2009;49.82127311413826
02;2010;49.8618310006423
02;2011;49.94009713709056
02;2012;49.945014981245514
02;2013;49.99687505468654
02;2014;50.06637496945744
02;2015;50.06994779258959
02;2016;50.055595509514994
02;2017;50.069994256881486
02;2018;50.06044456333304
02;2019;50.044439635517705
02;2020;50.0139078476318
02;2021;50.00698642046866
02;2023;49.974204553998035
03;1998;50.87020036243649
03;1999;50.81789097527475
03;2000;50.80794716651075
03;2001;50.66790134640483
03;2002;50.40893009355776
03;2003;50.27582949479553
03;2004;50.178148988557915
03;2005;50.011227270549504
03;2006;49.93919447395791
03;2007;49.95491063210582
03;2008;49.90565573887496
03;2009;50.015962341393795
03;2010;50.07317193457873
03;2011;50.12943824268004
03;2012;50.13982128802259
03;2013;50.20013959402604
03;2014;50.30506765544267
03;2015;50.35597480818546
03;2016;50.384244897381315
03;2017;50.43581112915349
03;2018;50.452056455801255
03;2019;50.45335864157578
03;2020;50.43023839718111
03;2021;50.47099473791054
03;2023;50.49621528044367
04;1998;50.1082208258812
04;1999;50.00809214515943
04;2000;49.94799596317458
04;2001;49.44464033850494
04;2002;49.427079330573946
04;2003;49.179742088411665
04;2004;49.28500871436034
04;2005;48.54674473106162
04;2006;48.15884249429897
04;2007;48.467368661976735
04;2008;48.51737850771754
04;2009;48.512330040062764
04;2010;48.51457818160906
04;2011;48.608532210996
04;2012;48.94386547366657
04;2013;49.14296418423946
04;2014;49.17071404954908
04;2015;49.222416647770785
04;2016;49.13750874985979
04;2017;49.10283695972106
04;2018;49.06264978712606
04;2019;48.98286878156301
04;2020;48.95795698850875
04;2021;49.0106478343573
04;2023;48.94832647791999
05;1998;49.732546729531144
05;1999;49.812641721651154
05;2000;49.82150541544691
05;2001;49.783689782469416
05;2002;49.76867831752837
05;2003;49.82112642011119
05;2004;49.79591591013076
05;2005;49.74555773743953
05;2006;49.77296833474359
05;2007;49.65725399969165
05;2008;49.45959316706923
05;2009;49.48741845293569
05;2010;49.54623725973845
05;2011;49.5755743931814
05;2012;49.53201179458733
05;2013;49.637198282244924
05;2014;49.706313804149325
05;2015;49.74685463089283
05;2016;49.77048131237924
05;2017;49.79838207840697
05;2018;49.817663314363585
05;2019;49.84077645267699
05;2020;49.824309924903595
05;2021;49.7781228498747
05;2023;49.764765397748825
06;1998;50.56364614200297
06;1999;50.567462854993416
06;2000;50.56491114623025
06;2001;50.55679253776057
06;2002;50.56019239357401
06;2003;50.56835489231567
06;2004;50.51649655970212
06;2005;50.47199534037738
06;2006;50.442184850491635
06;2007;50.44490529272956
06;2008;50.34732052430806
06;2009;50.35955033341706
06;2010;50.39089082074791
06;2011;50.384697969941826
06;2012;50.370968694072126
06;2013;50.37024544166382
06;2014;50.40677117330434
06;2015;50.435251117615366
06;2016;50.45350694987524
06;2017;50.496555294726754
06;2018;50.52515169077555
06;2019;50.54449573088623
06;2020;50.57495718878741
06;2021;50.58907996650461
06;2023;50.59650269651904
07;1998;50.67879665981572
07;1999;50.55389257988367
07;2000;50.43990870711777
07;2001;50.22461180910671
07;2002;50.01472243306201
07;2003;49.940096752980125
07;2004;49.94518582894
07;2005;49.8905028933072
07;2006;49.86334512747462
07;2007;49.77994469509533
07;2008;49.6296758895049
07;2009;49.69272228338564
07;2010;49.802947247364266
07;2011;49.90836518092486
07;2012;49.96681373437945
07;2013;50.1110037654924
07;2014;50.17400098963063
07;2015;50.23191930312845
07;2016;50.264446090207905
07;2017;50.27549307839882
07;2018;50.234828701718826
07;2019;50.17164581629635
07;2020;50.12577429936417
07;2021;50.140749253202024
07;2023;50.2238116565632
08;1998;51.52990471406397
08;1999;51.479168990666814
08;2000;51.45362063916448
08;2001;51.33902759144038
08;2002;51.10391782340291
08;2003;50.92992491488651
08;2004;50.912417922637964
08;2005;50.7971714124225
08;2006;50.7331519695996
08;2007;50.79770082135758
08;2008;50.73598984721903
08;2009;50.744004803263884
08;2010;50.82141702988506
08;2011;50.884800579624276
08;2012;50.965967525508596
08;2013;51.06587798968584
08;2014;51.13784318865473
08;2015;51.18758012875635
08;2016;51.20102549669113
08;2017;51.24456670570873
08;2018;51.26946972465616
08;2019;51.22869678399754
08;2020;51.17325933305731
08;2021;51.1569225492718
08;2023;51.168994424380834
09;1998;49.994947380577734
09;1999;49.96543957974529
09;2000;49.97840110586338
09;2001;49.905091335296305
09;2002;49.88418674143733
09;2003;49.84867893188441
09;2004;49.79673827352379
09;2005;49.69544707925578
09;2006;49.610304665900834
09;2007;49.52810597532052
09;2008;49.240242779764074
09;2009;49.33712852437541
09;2010;49.455480676367166
09;2011;49.51458378254631
09;2012;49.56289836520255
09;2013;49.726867215446276
09;2014;49.882256745707274
09;2015;49.961263949099184
09;2016;50.022023465685126
09;2017;50.04648617559769
09;2018;50.05545131206767
09;2019;50.06975610576034
09;2020;50.06906193205648
09;2021;50.030191964724544
09;2023;50.01225196806038
10;1998;49.99358999644984
10;1999;49.88005839358942
10;2000;49.957550804081016
10;2001;49.84601471414954
10;2002;49.82278752541183
10;2003;49.82763741534027
10;2004;49.880891611366344
10;2005;49.88996073488778
10;2006;49.96524573806185
10;2007;50.06913209454452
10;2008;50.07272762534606
10;2009;50.28491440479846
10;2010;50.285123698151935
10;2011;50.27681094534549
10;2012;50.28155426659284
10;2013;50.33623788922065
10;2014;50.33997793018402
10;2015;50.352354486089204
10;2016;50.38336244162858
10;2017;50.38096571308582
10;2018;50.409723395722935
10;2019;50.428135410033214
10;2020;50.46982263621283
10;2021;50.46924976511842
10;2023;50.50192751511713
11;1998;50.4173423724406
11;1999;50.376584431890635
11;2000;50.407917483257116
11;2001;50.383879025514744
11;2002;50.38249708755226
11;2003;50.334855034593026
11;2004;50.27894817300971
11;2005;50.22937508521642
11;2006;50.19965462429924
11;2007;50.15235935438397
11;2008;50.132531235994094
11;2009;50.431742719369666
11;2010;50.4476692333629
11;2011;50.47401768690305
11;2012;50.473511922927415
11;2013;50.522893971055126
11;2014;50.54407644082488
11;2015;50.56825694760232
11;2016;50.57154309780956
11;2017;50.607252498114065
11;2018;50.64583107965196
11;2019;50.66818260620648
11;2020;50.68031886203839
11;2021;50.713987607948894
11;2023;50.73336857074337
12;1998;50.56853623037738
12;1999;50.50641703801067
12;2000;50.4474213982314
12;2001;50.29752273931154
12;2002;50.041597088802305
12;2003;49.938734830840595
12;2004;49.91912315467104
12;2005;49.81635236791356
12;2006;49.73926372148113
12;2007;49.749163587902636
12;2008;49.60137162451779
12;2009;49.616553849321186
12;2010;49.776094950304
12;2011;49.886984896019484
12;2012;49.893311543525584
12;2013;49.97631706218558
12;2014;50.16169992578825
12;2015;50.24788477951392
12;2016;50.314288427176756
12;2017;50.394112638365165
12;2018;50.36228241387559
12;2019;50.32829737120708
12;2020;50.34085281510955
12;2021;50.36060804273469
12;2023;50.374862855053024
13;1998;50.993797369617546
13;1999;50.984267993078504
13;2000;51.002553327193034
13;2001;50.89901187050886
13;2002;50.782304919291896
13;2003;50.662743248508214
13;2004;50.55973252940675
13;2005;50.44694636643603
13;2006;50.36834338205121
13;2007;50.31129808163537
13;2008;50.10003005687833
13;2009;50.11350856197833
13;2010;50.118707420677566
13;2011;50.19040882727401
13;2012;50.199528524281
13;2013;50.303450535467334
13;2014;50.3634435628054
13;2015;50.44489822138042
13;2016;50.51234197692587
13;2017;50.58916227928799
13;2018;50.57984371869365
13;2019;50.60583627998169
13;2020;50.541465927339935
13;2021;50.51411820354006
13;2023;50.50631002880975
14;1998;51.08756150813048
14;1999;51.05389006551525
14;2000;51.08035624911438
14;2001;51.078642195874615
14;2002;51.068236136272574
14;2003;51.028811357520645
14;2004;50.99016502750459
14;2005;50.94839719726254
14;2006;50.91394377935955
14;2007;50.87328416954689
14;2008;50.84536980704086
14;2009;50.84253940930201
14;2010;50.867461259855816
14;2011;50.87738891639584
14;2012;50.8637684618234
14;2013;50.87510063283409
14;2014;50.882784881699074
14;2015;50.9108094282256
14;2016;50.926592640315306
14;2017;50.93546336741439
14;2018;50.95957923692119
14;2019;50.983359706965324
14;2020;51.003197897245
14;2021;51.01977499681381
14;2023;51.02775016052527
15;1998;51.93374460488555
15;1999;51.94295659074104
15;2000;52.02680574764598
15;2001;51.98212638605345
15;2002;51.981228291389584
15;2003;51.9573274423767
15;2004;51.95372695622395
15;2005;51.967192890432024
15;2006;51.97588255142625
15;2007;51.94598831912655
15;2008;51.88948320678839
15;2009;51.91211082089031
15;2010;51.91119081553794
15;2011;51.92533675522437
15;2012;51.91854960744323
15;2013;51.93307449473317
15;2014;51.96802429517937
15;2015;51.978892756894105
15;2016;52.005835416668525
15;2017;52.038393493136624
15;2018;52.058201582881516
15;2019;52.083608730292
15;2020;52.06152529606041
15;2021;52.05895008989996
15;2023;52.05534409120963
16;1998;50.25717529108024
16;1999;50.19580718838791
16;2000;50.199201205652244
16;2001;50.06599644710856
16;2002;49.8804646502723
16;2003;49.7295326679213
16;2004;49.67048976758284
16;2005;49.55523286564667
16;2006;49.63569428998735
16;2007;49.55269071555293
16;2008;49.339910997147825
16;2009;49.263674130371776
16;2010;49.29908688383031
16;2011;49.323257490713615
16;2012;49.33864132528573
16;2013;49.45186150005427
16;2014;49.58471720760283
16;2015;49.67499178281111
16;2016;49.720745408338345
16;2017;49.767509737416844
16;2018;49.80326738396325
16;2019;49.807720713699965
16;2020;49.816201775271615
16;2021;49.81587184680538
16;2023;49.78408421484005
17;1998;50.404185636359955
17;1999;50.32673832741783
17;2000;50.23682856582137
17;2001;50.08763909255586
17;2002;49.89951714729014
17;2003;49.73083402722643
17;2004;49.68578964410451
17;2005;49.40512200040331
17;2006;49.235230187493364
17;2007;49.28977534215539
17;2008;49.13453865745549
17;2009;49.23266406519547
17;2010;49.435625446519865
17;2011;49.59791757508489
17;2012;49.65672172861519
17;2013;49.754605898911805
17;2014;49.85492411618767
17;2015;49.94568782583985
17;2016;49.97943140439717
17;2017;50.032154936510544
17;2018;50.03720731231962
17;2019;50.02905151975763
17;2020;49.963033456640424
17;2021;49.94012173974951
17;2023;49.91379723193334
18;1998;51.08858591796819
18;1999;51.07980828006755
18;2000;51.09307246935738
18;2001;50.99017150338958
18;2002;50.89851872926483
18;2003;50.81638000886359
18;2004;50.75699161327192
18;2005;50.66570023394177
18;2006;50.54463446034166
18;2007;50.48269481132769
18;2008;50.36949912341049
18;2009;50.54329379300617
18;2010;50.577514617589905
18;2011;50.561462333026874
18;2012;50.56862507151154
18;2013;50.6515148713341
18;2014;50.68741809006422
18;2015;50.73493099835713
18;2016;50.715321960427886
18;2017;50.7281984099687
18;2018;50.73672669462489
18;2019;50.741681772164625
18;2020;50.76036154435315
18;2021;50.758245074011924
18;2023;50.740954048159026
19;1998;49.498842033251535
19;1999;49.53021296599843
19;2000;49.50739958995325
19;2001;49.41993330690483
19;2002;49.25321077176659
19;2003;49.09205602941652
19;2004;48.99207376503896
19;2005;48.913550312412575
19;2006;48.92203929650359
19;2007;48.76827504953676
19;2008;48.55606067615135
19;2009;48.564905281717316
19;2010;48.6530213107651
19;2011;48.712669762653974
19;2012;48.75143043188447
19;2013;48.86137442137489
19;2014;49.027506988325385
19;2015;49.168657316525156
19;2016;49.278714973782236
19;2017;49.33441238008764
19;2018;49.33151926010979
19;2019;49.358710748675136
19;2020;49.29712399091586
19;2021;49.31096284470684
19;2023;49.31879296005251
20;1998;50.94842254807899
20;1999;50.87697021150935
20;2000;50.91010789407834
20;2001;50.88571894910664
20;2002;50.85193205627715
20;2003;50.847291705629324
20;2004;50.83093837989958
20;2005;50.83475144763818
20;2006;50.85222468727191
20;2007;50.87373946677718
20;2008;50.83431280810663
20;2009;50.85433145623198
20;2010;50.93381104341667
20;2011;51.007670442935314
20;2012;51.0382714714428
20;2013;51.03079496454278
20;2014;51.057123840100225
20;2015;51.06272860941306
20;2016;51.103043609089596
20;2017;51.164911675810046
20;2018;51.19346315251904
20;2019;51.164355921147184
20;2020;51.15943563725982
20;2021;51.14312985773374
20;2023;51.137740917536554
21;1998;50.56084483586587
21;1999;50.552231987707295
21;2000;50.541396694538975
21;2001;50.453511792606065
21;2002;50.315743739971694
21;2003;50.27960867485385
21;2004;50.25330024522401
21;2005;50.15585210172967
21;2006;50.00629858545962
21;2007;50.13754066441485
21;2008;50.30782709705364
21;2009;50.30336791954858
21;2010;50.25565500375424
21;2011;50.31074701897435
21;2012;50.394176666118405
21;2013;50.37394270437208
21;2014;50.399149508213135
21;2015;50.44412009607379
21;2016;50.428602221726116
21;2017;50.35688821228297
21;2018;50.43332589646339
21;2019;50.483262115086134
21;2020;50.50412185901373
21;2021;50.44434090541709
21;2023;50.40575834542129
22;1998;49.816545990358904
22;1999;49.795306407566606
22;2000;49.75417417125055
22;2001;49.64385424000388
22;2002;49.48100859960854
22;2003;49.37572768664275
22;2004;49.290515309932786
22;2005;49.1026757588111
22;2006;49.095737605665455
22;2007;49.12565252354536
22;2008;48.97745382228516
22;2009;48.938089129587716
22;2010;49.01953921405634
22;2011;49.1051449240457
22;2012;49.249809981151884
22;2013;49.28577424899151
22;2014;49.383973073554195
22;2015;49.47444921470196
22;2016;49.52166420148454
22;2017;49.543472521870534
22;2018;49.57760605438921
22;2019;49.54753902050703
22;2020;49.49009147368279
22;2021;49.34229301180751
22;2023;49.27125470158257
23;1998;50.5611713988405
23;1999;50.5492086654291
23;2000;50.565655533202936
23;2001;50.50752499686426
23;2002;50.481705687633514
23;2003;50.41338930114417
23;2004;50.359381350674916
23;2005;50.31819641245282
23;2006;50.28359066979906
23;2007;50.27499390741069
23;2008;50.172450474800655
23;2009;50.354443684661575
23;2010;50.36980384965732
23;2011;50.28571428571429
23;2012;50.13353385791998
23;2013;50.29372131216575
23;2014;50.44512186794895
23;2015;50.492838253053485
23;2016;50.50335518704203
23;2017;50.51469811215197
23;2018;50.548582586714595
23;2019;50.540750421425464
23;2020;50.52686096033931
23;2021;50.52169199126262
23;2023;50.50427968404565
24;1998;51.10858767884826
24;1999;51.10135811463127
24;2000;51.15412571815475
24;2001;51.18364339952394
24;2002;51.19167228760407
24;2003;51.18810962947431
24;2004;51.221383341451535
24;2005;51.24923876088421
24;2006;51.21642316793885
24;2007;51.156946200845624
24;2008;51.06237504998001
24;2009;51.07333721202334
24;2010;51.09016111071054
24;2011;51.1216374480463
24;2012;51.10759205664465
24;2013;51.163241804015094
24;2014;51.19869443401404
24;2015;51.25856548357825
24;2016;51.28271720678035
24;2017;51.302325780028866
24;2018;51.3427609079108
24;2019;51.360105738900565
24;2020;51.38364600746211
24;2021;51.399361531615696
24;2023;51.42231117477615
25;1998;50.223384548327346
25;1999;50.16459771650234
25;2000;50.1833568406206
25;2001;50.04095632330018
25;2002;49.865653339801376
25;2003;49.68792947762281
25;2004;49.52426952520437
25;2005;49.02400616865153
25;2006;48.87508098239001
25;2007;48.97093100491528
25;2008;48.84204164245956
25;2009;48.87855692687018
25;2010;48.97377708246166
25;2011;49.042748492001046
25;2012;49.13572834467939
25;2013;49.246680199131355
25;2014;49.34006999984018
25;2015;49.37974309048251
25;2016;49.33266672964075
25;2017;49.336931986382474
25;2018;49.28938747787999
25;2019;49.215276021428735
25;2020;49.07312601335866
25;2021;49.023826146677365
25;2023;48.978463810729814
26;1998;50.42253948506319
26;1999;50.403879658191855
26;2000;50.42887749926186
26;2001;50.25665680473372
26;2002;50.00958759152599
26;2003;49.895612234246144
26;2004;49.850963880457705
26;2005;49.60542572836816
26;2006;49.553654484507646
26;2007;49.58280469174801
26;2008;49.4987417362465
26;2009;49.58906068348969
26;2010;49.79017725602097
26;2011;49.967642550819775
26;2012;50.07122793247406
26;2013;50.26535042092743
26;2014;50.442316976069115
26;2015;50.565678293534525
26;2016;50.610524582480984
26;2017;50.69202012803561
26;2018;50.65874712916766
26;2019;50.700761999760104
26;2020;50.66330326275187
26;2021;50.64885114260341
26;2023;50.65490853162943
27;1998;51.31053348597284
27;1999;51.34356587288177
27;2000;51.426484947445296
27;2001;51.429866117404735
27;2002;51.4671818940688
27;2003;51.48400053257589
27;2004;51.51038353810273
27;2005;51.51373645578469
27;2006;51.49483307393542
27;2007;51.45449016825461
27;2008;51.3670408298153
27;2009;51.31040695955743
27;2010;51.349065357110526
27;2011;51.39703581486644
27;2012;51.40870502318703
27;2013;51.44203118452045
27;2014;51.473093934902614
27;2015;51.499177927197934
27;2016;51.51830313763829
27;2017;51.511236864348355
27;2018;51.514063146076225
27;2019;51.54966670408724
27;2020;51.56458685271355
27;2021;51.56880247106711
27;2023;51.55175021374182
28;1998;51.97883227506493
28;1999;51.95448295297187
28;2000;51.94833911193897
28;2001;51.888111029025396
28;2002;51.8123076767203
28;2003;51.723990206580176
28;2004;51.67881775673323
28;2005;51.58201270492676
28;2006;51.58845860720288
28;2007;51.59604511181022
28;2008;51.51732290671114
28;2009;51.543651944313794
28;2010;51.624231809452205
28;2011;51.72575535311449
28;2012;51.83177503939335
28;2013;51.90979179441436
28;2014;51.97660835022093
28;2015;52.042505541404715
28;2016;52.08546595668221
28;2017;52.12180875782827
28;2018;52.146029258693915
28;2019;52.16683870111838
28;2020;52.15565507866796
28;2021;52.161458668919295
28;2023;52.148248620513115
29;1998;51.157764916410066
29;1999;51.28194937698913
29;2000;51.23693065102971
29;2001;51.140035630912884
29;2002;51.039916993105315
29;2003;50.846976849057015
29;2004;50.76688663554911
29;2005;50.628350312953884
29;2006;50.54553550054416
29;2007;50.532413676761415
29;2008;50.55131548730506
29;2009;50.63657044143752
29;2010;50.69606109010118
29;2011;50.7250156381952
29;2012;50.732558323756415
29;2013;50.76355158109593
29;2014;50.82276592386533
29;2015;50.84221776542643
29;2016;50.86043191607674
29;2017;50.90496530450167
29;2018;50.95681549379967
29;2019;50.99552589534747
29;2020;51.03860206890006
29;2021;51.0526635492799
29;2023;51.06340363690565
30;1998;50.555212776261186
30;1999;50.50179997312417
30;2000;50.39492642657275
30;2001;49.95228406438963
30;2002;49.77673059259507
30;2003;49.59187854053245
30;2004;49.636207474507486
30;2005;49.31478852995077
30;2006;49.13347821581457
30;2007;49.26245423337263
30;2008;49.30268303474699
30;2009;49.42282166855626
30;2010;49.47759167539342
30;2011;49.5546807666851
30;2012;49.62680974384329
30;2013;49.74066760005951
30;2014;49.83092653621649
30;2015;49.87800622645316
30;2016;49.92275643804439
30;2017;49.92508194056478
30;2018;49.939905675244454
30;2019;49.955418643039884
30;2020;49.92896613467915
30;2021;49.92630817801415
30;2023;49.904104634964405
31;1998;50.512886690190065
31;1999;50.42629398392964
31;2000;50.37746640503019
31;2001;50.1821979890807
31;2002;50.0340573145983
31;2003;50.0197160201311
31;2004;50.05267352334566
31;2005;50.02510649196592
31;2006;50.00332295463835
31;2007;50.10035056678264
31;2008;49.98492851927135
31;2009;49.96875882127191
31;2010;50.00612317953163
31;2011;50.05754994540932
31;2012;50.12876881498559
31;2013;50.202567353063024
31;2014;50.29791351300739
31;2015;50.367383008887145
31;2016;50.387654980043614
31;2017;50.45799817795701
31;2018;50.5108454275628
31;2019;50.53132461243569
31;2020;50.51005978551022
31;2021;50.49936738232329
31;2023;50.51775515458873
32;1998;51.99784989975884
32;1999;52.015508361784626
32;2000;52.07058257854658
32;2001;52.03599295461998
32;2002;52.01211282027414
32;2003;52.02666175744346
32;2004;52.00730034268114
32;2005;51.99246072064908
32;2006;51.93417800756487
32;2007;51.910508538967015
32;2008;51.84514086623287
32;2009;51.896961643656034
32;2010;51.8684800085914
32;2011;51.81796631428597
32;2012;51.80268699830738
32;2013;51.81713005472509
32;2014;51.87919067432429
32;2015;51.93237246027683
32;2016;51.96933171988197
32;2017;51.97349845995893
32;2018;52.0111997361725
32;2019;52.04891256651205
32;2020;52.03717593347464
32;2021;52.00394465685745
32;2023;51.99421585381885
33;1998;51.97692067359687
33;1999;52.042305088747355
33;2000;52.032897162926226
33;2001;52.02426420193261
33;2002;52.031665659501044
33;2003;52.022120532164884
33;2004;52.03336682930373
33;2005;52.042335610490085
33;2006;52.05228731465248
33;2007;52.05970626926991
33;2008;52.01622385287806
33;2009;52.00209345160598
33;2010;52.007532685751066
33;2011;52.05018645624035
33;2012;52.06616172867008
33;2013;52.12855691770466
33;2014;52.16160775168683
33;2015;52.22972349507101
33;2016;52.249359298988686
33;2017;52.27728607868903
33;2018;52.27416838804797
33;2019;52.27444270629644
33;2020;52.289592298269305
33;2021;52.29602527001597
33;2023;52.310074988603404
34;1998;50.51190549094492
34;1999;50.565848494135345
34;2000;50.64660490365419
34;2001;50.64760777016549
34;2002;50.60723917672107
34;2003;50.619547892851635
34;2004;50.67015345709523
34;2005;50.67302315660831
34;2006;50.7291239539598
34;2007;50.65529400222759
34;2008;50.50445651296598
34;2009;50.40564088952488
34;2010;50.412729696829174
34;2011;50.417084139152315
34;2012;50.42556805867158
34;2013;50.462549199490994
34;2014;50.48177603827957
34;2015;50.47309302255548
34;2016;50.43305556230412
34;2017;50.46024848521942
34;2018;50.42861110253958
34;2019;50.42365511243633
34;2020;50.438807143169015
34;2021;50.452794379190934
34;2023;50.465166320692624
35;1998;49.9613467111758
35;1999;49.81533662820611
35;2000;49.71340080994212
35;2001;49.539780089513044
35;2002;49.48461521476031
35;2003;49.44467469574502
35;2004;49.46298757607929
35;2005;49.4047995509562
35;2006;49.456055833608346
35;2007;49.49300999586425
35;2008;49.524406746714114
35;2009;49.60876860402657
35;2010;49.68856735481682
35;2011;49.74922058743095
35;2012;49.83843759112583
35;2013;49.90170765955519
35;2014;49.98613670391727
35;2015;50.03222852023751
35;2016;50.08854071779923
35;2017;50.13848502471648
35;2018;50.18324430319833
35;2019;50.216796411300905
35;2020;50.250958167744564
35;2021;50.264811406606235
35;2023;50.33057521947592
36;1998;52.07084204091811
36;1999;52.07355169382143
36;2000;52.05227580781069
36;2001;51.98651787429489
36;2002;51.925138107733815
36;2003;51.82614508034564
36;2004;51.75668228902035
36;2005;51.7107867220996
36;2006;51.67248602241291
36;2007;51.6314756990795
36;2008;51.597545626179986
36;2009;51.616751618106115
36;2010;51.593397002718
36;2011;51.56350057238579
36;2012;51.52395380769343
36;2013;51.56222187320035
36;2014;51.60818113845659
36;2015;51.64380698646996
36;2016;51.65426655060751
36;2017;51.67051894973221
36;2018;51.69754462863623
36;2019;51.70224841274472
36;2020;51.71904616842675
36;2021;51.71851420401896
36;2023;51.74180686415381
37;1998;51.32255757402374
37;1999;51.277881570253584
37;2000;51.2894122087421
37;2001;51.273668009674225
37;2002;51.25374510255819
37;2003;51.230220144657466
37;2004;51.253618398559475
37;2005;51.209656824076234
37;2006;51.17866953640509
37;2007;51.164445557687166
37;2008;51.08204774139512
37;2009;51.06934981726301
37;2010;51.09595355453186
37;2011;51.1074093590114
37;2012;51.081970767106725
37;2013;51.10664799101716
37;2014;51.217226003696794
37;2015;51.27241120238641
37;2016;51.30348081015521
37;2017;51.35745182147643
37;2018;51.40931538918705
37;2019;51.422365874124175
37;2020;51.42553417667695
37;2021;51.46484673334596
37;2023;51.465182357670194
38;1998;50.92853700304556
38;1999;50.78110547236319
38;2000;50.709861350147364
38;2001;50.512250119046506
38;2002;50.3837718069984
38;2003;50.29663637297298
38;2004;50.25990616235033
38;2005;50.20212223114502
38;2006;50.215458906372376
38;2007;50.281148990669024
38;2008;50.29186747467036
38;2009;50.35267371556801
38;2010;50.38427339252116
38;2011;50.44130399528447
38;2012;50.4629342988076
38;2013;50.504764842155666
38;2014;50.61575178047508
38;2015;50.65834913664038
38;2016;50.71226262891834
38;2017;50.73672071700139
38;2018;50.76366456883093
38;2019;50.802965779688535
38;2020;50.85679121282971
38;2021;50.89079427999674
38;2023;50.925493128914646
39;1998;51.29046149293258
39;1999;51.27611745427435
39;2000;51.2985753795003
39;2001;51.271563189398925
39;2002;51.22548522428657
39;2003;51.189033819061656
39;2004;51.168923400819054
39;2005;51.13060612581338
39;2006;51.087237784087414
39;2007;51.06996215242378
39;2008;50.961971216446955
39;2009;50.9983283409845
39;2010;51.04584212747994
39;2011;51.12767883787625
39;2012;51.167192322782604
39;2013;51.233510393858296
39;2014;51.281903182843635
39;2015;51.33318181274448
39;2016;51.39383654582742
39;2017;51.437113881732564
39;2018;51.473642303297495
39;2019;51.50375681061751
39;2020;51.52572031463103
39;2021;51.51845914591271
39;2023;51.53450107789177
40;1998;49.977854246874045
40;1999;49.99081538932544
40;2000;50.00443344041797
40;2001;49.97211415512691
40;2002;49.884784909502564
40;2003;49.79728070815721
40;2004;49.7353249475891
40;2005;49.64666242275764
40;2006;49.563851390183785
40;2007;49.478414782641444
40;2008;49.20530326603579
40;2009;49.266623800453736
40;2010;49.45211483673022
40;2011;49.46244418861052
40;2012;49.484120439093225
40;2013;49.538039108978246
40;2014;49.5828703790889
40;2015;49.63825601320048
40;2016;49.71410582581656
40;2017;49.772349919576605
40;2018;49.79914178763809
40;2019;49.83771852490384
40;2020;49.8084416007506
40;2021;49.84413944801286
40;2023;49.822175120121194
41;1998;50.96291501564282
41;1999;50.95723977416166
41;2000;50.99050847965637
41;2001;50.96383797793459
41;2002;50.94096843158661
41;2003;50.920878901451715
41;2004;50.8969437966548
41;2005;50.90010077688615
41;2006;50.90304112579472
41;2007;50.907440133068874
41;2008;50.87845021653331
41;2009;50.9036303088478
41;2010;50.94583111861319
41;2011;50.970210921728885
41;2012;50.98371613028334
41;2013;51.00303528812067
41;2014;51.01962289225824
41;2015;51.038022539505945
41;2016;51.0545295201763
41;2017;51.079979809510256
41;2018;51.09514110873469
41;2019;51.13172490165461
41;2020;51.14933245958531
41;2021;51.17272770210468
41;2023;51.17109330612458
42;1998;50.11627526120992
42;1999;50.04273878928681
42;2000;50.06324867177789
42;2001;50.00876097860131
42;2002;49.87265950353602
42;2003;49.80869450491458
42;2004;49.757779426526426
42;2005;49.669623705172846
42;2006;49.61658984203716
42;2007;49.59665786971248
42;2008;49.41043467235805
42;2009;49.226611707553026
42;2010;49.19061916059543
42;2011;49.22760257500814
42;2012;49.24038848098855
42;2013;49.259842857295986
42;2014;49.33583457130155
42;2015;49.369272355668855
42;2016;49.36139493558419
42;2017;49.39878294320776
42;2018;49.43566591422122
42;2019;49.440407960648045
42;2020;49.45434498897439
42;2021;49.384204536491374
42;2023;49.33523428041233
43;1998;50.307370162603725
43;1999;50.2644864307331
43;2000;50.254204864226374
43;2001;50.05783501011296
43;2002;49.86231613103575
43;2003;49.70702393491391
43;2004;49.62396757962691
43;2005;49.36963315728174
43;2006;49.25485922684971
43;2007;49.18401414630606
43;2008;49.039606031220885
43;2009;49.22152468377358
43;2010;49.40241458647733
43;2011;49.50314332863775
43;2012;49.587140244583935
43;2013;49.708459128734674
43;2014;49.85604810215716
43;2015;49.977424251761725
43;2016;50.05206367798015
43;2017;50.11892236005624
43;2018;50.16208025611193
43;2019;50.13347185906167
43;2020;50.029873697923044
43;2021;50.06062198030181
43;2023;50.09125681414331
44;1998;49.579801227711194
44;1999;49.556080059043175
44;2000;49.513823247089164
44;2001;49.44176521107221
44;2002;49.26388140554237
44;2003;49.06407279754265
44;2004;48.990547824277094
44;2005;48.77561290231127
44;2006;48.60087225661226
44;2007;48.44563542201797
44;2008;48.21287006916158
44;2009;48.39353735238601
44;2010;48.67528927497126
44;2011;48.82128804276418
44;2012;48.8770455304464
44;2013;48.988978991862595
44;2014;49.097709542977235
44;2015;49.180174473843316
44;2016;49.258634661293506
44;2017;49.3338841268202
44;2018;49.42484320661059
44;2019;49.359982704250136
44;2020;49.33892797519675
44;2021;49.24597718235535
44;2023;49.258672380059664
45;1998;50.19300932910497
45;1999;50.16152172376442
45;2000;50.14934702110936
45;2001;49.99692239396715
45;2002;49.88582678606062
45;2003;49.83954864064756
45;2004;49.76386534269799
45;2005;49.592983605680516
45;2006;49.5089487311937
45;2007;49.346253484485345
45;2008;49.07856276381932
45;2009;49.16470306756472
45;2010;49.26621764315669
45;2011;49.305046928774026
45;2012;49.316956025353335
45;2013;49.44146929461344
45;2014;49.516403103258874
45;2015;49.58644073663306
45;2016;49.6607964313926
45;2017;49.693160425775396
45;2018;49.7328303687421
45;2019;49.759946117401896
45;2020;49.763843972195545
45;2021;49.75803598236827
45;2023;49.79304873621668
46;1998;51.20775259159166
46;1999;51.19167611752062
46;2000;51.176585498818824
46;2001;51.051558704544334
46;2002;50.90193926976061
46;2003;50.78642949587919
46;2004;50.73400146423002
46;2005;50.61014769339758
46;2006;50.474550980844235
46;2007;50.50728277651607
46;2008;50.41378824941245
46;2009;50.44432588506004
46;2010;50.497743832489974
46;2011;50.58147087759465
46;2012;50.62600938006627
46;2013;50.72539211384959
46;2014;50.81176257347293
46;2015;50.8450585161492
46;2016;50.87880031317504
46;2017;50.9575484304172
46;2018;50.98375736758365
46;2019;51.02186093147934
46;2020;51.02132625994695
46;2021;51.03096884423353
46;2023;51.050462495159756
47;1998;50.94150954516908
47;1999;50.960585854256216
47;2000;51.00002017389901
47;2001;50.99395334172756
47;2002;50.94192039620319
47;2003;50.896105486448796
47;2004;50.91012658971192
47;2005;50.90309594034282
47;2006;50.91044951458742
47;2007;50.92924332085397
47;2008;50.83824966589102
47;2009;50.845420832746555
47;2010;50.87680833520726
47;2011;50.90264249150267
47;2012;50.973085273639285
47;2013;51.03760398584214
47;2014;51.079736259749
47;2015;51.167611649895115
47;2016;51.19319277649094
47;2017;51.231746397252124
47;2018;51.263727491146504
47;2019;51.2620634169063
47;2020;51.3030851879097
47;2021;51.31652164871833
47;2023;51.33626140257734
48;1998;51.321736928992244
48;1999;51.33293125306615
48;2000;51.36700834886368
48;2001;51.369042994271666
48;2002;51.36169056433313
48;2003;51.362944977537175
48;2004;51.37655899532246
48;2005;51.390051409062465
48;2006;51.44144515612841
48;2007;51.52204594654025
48;2008;51.49295066995458
48;2009;51.48829921798139
48;2010;51.51708727563958
48;2011;51.53213609604662
48;2012;51.561195712506226
48;2013;51.612741439944934
48;2014;51.66511127219693
48;2015;51.70229157145655
48;2016;51.69452829267953
48;2017;51.729684351329176
48;2018;51.73403918484936
48;2019;51.74497744764026
48;2020;51.718368216462565
48;2021;51.71102990988743
48;2023;51.70801779101818
49;1998;50.67616629548589
49;1999;50.708038113852915
49;2000;50.725663368867004
49;2001;50.66664689952361
49;2002;50.63185800137534
49;2003;50.58090621369337
49;2004;50.5828010719107
49;2005;50.54608801030069
49;2006;50.49622263180281
49;2007;50.4114339601596
49;2008;50.257325538355445
49;2009;50.351876932512205
49;2010;50.350129238880825
49;2011;50.36120031233355
49;2012;50.36845291526627
49;2013;50.42439050300101
49;2014;50.455692652832305
49;2015;50.45247388735036
49;2016;50.48889726505771
49;2017;50.5039345223332
49;2018;50.54741075571903
49;2019;50.538139203310564
49;2020;50.542242127230516
49;2021;50.48096014224329
49;2023;50.49068564423048
50;1998;51.212448213653296
50;1999;51.19486697980394
50;2000;51.17935486305522
50;2001;51.0131593523523
50;2002;50.884230993940605
50;2003;50.84670464642242
50;2004;50.761687190059625
50;2005;50.661132015893486
50;2006;50.65813572182346
50;2007;50.58927487554986
50;2008;50.41603729837971
50;2009;50.38137178415625
50;2010;50.46606634252999
50;2011;50.576220686820946
50;2012;50.62946643084253
50;2013;50.678698354243345
50;2014;50.872867824657774
50;2015;50.89403204582398
50;2016;50.9624863362395
50;2017;51.08926612451572
50;2018;51.1066588047268
50;2019;51.12030459431135
50;2020;51.09631804945462
50;2021;51.072094532855374
50;2023;51.06794227875974
51;1998;49.939681351137736
51;1999;49.64316726364919
51;2000;48.83507662045959
51;2001;48.630010304647655
51;2002;48.53057043807122
51;2003;48.759525430062325
51;2004;48.94714281887106
51;2005;49.100642967213986
51;2006;49.142510644468175
51;2007;49.20172839183844
51;2008;49.10775433201101
51;2009;49.00729593004042
51;2010;48.78442274041624
51;2011;48.813974944158495
51;2012;48.88238234664001
51;2013;48.84770729389404
51;2014;48.97308240057437
51;2015;49.25768130733537
51;2016;49.306073190643524
51;2017;49.347332242611145
51;2018;49.28943906793197
51;2019;49.382497611380444
51;2020;49.47625947127147
51;2021;49.46178622316415
51;2023;49.55664906096226
52;1998;49.14320889066347
52;1999;49.14367018566987
52;2000;48.72553310293829
52;2001;49.08052159502246
52;2002;49.15298334875116
52;2003;49.26164497611848
52;2004;49.342801693719125
52;2005;49.11739555338382
52;2006;49.21266318733083
52;2007;49.29723502304147
52;2008;49.14343298622775
52;2009;49.30029948271168
52;2010;48.94520872241366
52;2011;48.702788113563386
52;2012;48.554491225464716
52;2013;48.592836912487
52;2014;49.029097492574756
52;2015;49.06407739764442
52;2016;49.122358356775855
52;2017;49.339294008360426
52;2018;49.33668271902204
52;2019;49.24786384080845
52;2020;49.28338462951904
52;2021;49.45224377180881
52;2023;49.52448045086298
